name,category,equipment,primary_muscle,secondary_muscles,video_url,notes
Child's Pose (Side stretch),Mobility,,Back,,,Static stretch - Back mobility
Sphinx Pose,Mobility,,Back,,,Static stretch - Back mobility
Seal Pose,Mobility,,Back,,,Static stretch - Back mobility
Downward dog,Mobility,,Back,,,Static stretch - Back mobility
Forward fold (seated),Mobility,,Back,,,Static stretch - Back mobility
Butterfly forward fold,Mobility,,Back,,,Static stretch - Back mobility
Pigeon Pose,Mobility,,Back,Hip,,Static stretch - Back mobility | Static stretch - Hip mobility
Seated Twist,Mobility,,Back,Hip,,Static stretch - Back mobility | Static stretch - Hip mobility
Banded Overhead Distraction,Mobility,,Back,Shoulder,,Static stretch - Back mobility | Static stretch - Shoulder mobility
Overhead Distraction w/External Rotation,Mobility,,Back,Shoulder,,Static stretch - Back mobility | Static stretch - Shoulder mobility
Shoulder Flexion,Mobility,,Back,,,Static stretch - Back mobility
Lat Wall Stretch,Mobility,,Back,,,Static stretch - Back mobility
Lateral Hip Opener,Mobility,,Back,,,Static stretch - Back mobility
Cat + Cow,Mobility,,Back,,,Active stretch - Back mobility
Downward Dog + Plank,Mobility,,Back,,,Active stretch - Back mobility
Forward fold + Plank + Down Dog + Up dog,Mobility,,Back,,,Active stretch - Back mobility
Foam Roller Shoulder Rotations,Mobility,,Back,,,Active stretch - Back mobility
Wall Snow Angels,Mobility,,Back,,,Active stretch - Back mobility
Worlds Greatest Stretch,Mobility,,Back,,,Active stretch - Back mobility
Scorpion Twists,Mobility,,Back,,,Active stretch - Back mobility
Cross Twists,Mobility,,Back,,,Active stretch - Back mobility
Cactus arms,Mobility,,Back,,,Active stretch - Back mobility
Windshield wipers,Mobility,,Back,Core,,Active stretch - Back mobility | Core progression: Strength - Level 2
Spinal Segmentation,Mobility,,Back,,,Active stretch - Back mobility
Bird Dogs,Mobility,,Back,Core,,Active stretch - Back mobility | Core progression: Stability
Upper Back Extension Massage (Side to Side),Mobility,,Back,,,Self-myofascial release - Back mobility
Upper Trap + Shoulder Blade Lacrosse Ball Massage,Mobility,,Back,,,Self-myofascial release - Back mobility
Low Back Lacrosse Ball Massage (Hip swivels),Mobility,,Back,,,Self-myofascial release - Back mobility
Cross Body Shoulder Stretch,Mobility,,Shoulder,,,Static stretch - Shoulder mobility
Door Chest Stretch,Mobility,,Shoulder,,,Static stretch - Shoulder mobility
Sit & Reach,Mobility,,Hip,,,Static stretch - Hip mobility
Butterflies,Mobility,,Hip,,,Static stretch - Hip mobility
Seated Straddle forward fold,Mobility,,Hip,,,Static stretch - Hip mobility
Figure 4 (seated),Mobility,,Hip,,,Static stretch - Hip mobility
Wide Child's Pose,Mobility,,Hip,,,Static stretch - Hip mobility
Low Lunge,Mobility,,Hip,,,Static stretch - Hip mobility
Couch Stretch,Mobility,,Hip,Quad & Knee,,Static stretch - Hip mobility | Static stretch - Quad & Knee mobility
Spiderman Lunge (w/rotation; banded),Mobility,,Hip,,,Static stretch - Hip mobility
Foot elevated reach,Mobility,,Hip,,,Static stretch - Hip mobility
90/90's,Mobility,,Hip,,,Active stretch - Hip mobility
Straight leg adductor rocking,Mobility,,Hip,,,Active stretch - Hip mobility
Side Lunges,Mobility,,Hip,,,Active stretch - Hip mobility
PNF Butterflies,Mobility,,Hip,,,Active stretch - Hip mobility
Glute Massage - Lacrosse Ball,Mobility,,Hip,,,Self-myofascial release - Hip mobility
Banded Low Lunge,Mobility,,Quad & Knee,,,Static stretch - Quad & Knee mobility
Standing Quad Stretch,Mobility,,Quad & Knee,,,Static stretch - Quad & Knee mobility
Walking Quad Stretch,Mobility,,Quad & Knee,,,Static stretch - Quad & Knee mobility
Quad Massage - Foam Roller,Mobility,,Quad & Knee,,,Self-myofascial release - Quad & Knee mobility
Quad Massage - Barbell,Mobility,,Quad & Knee,,,Self-myofascial release - Quad & Knee mobility
Lacrosse Ball Calf Squeeze,Mobility,,Quad & Knee,,,Self-myofascial release - Quad & Knee mobility
Knee VooDoo Band,Mobility,,Quad & Knee,,,Self-myofascial release - Quad & Knee mobility
Banded Spanish Squats,Strength,,Quad & Knee,,,Strengthening - Quad & Knee
Step Downs,Strength,,Quad & Knee,,,Strengthening - Quad & Knee
Heel Elevated Squat,Strength,,Quad & Knee,,,Strengthening - Quad & Knee
Rocking Split Squat,Strength,,Quad & Knee,,,Strengthening - Quad & Knee
Backpedal - Sled pull,Strength,,Quad & Knee,,,Strengthening - Quad & Knee
Backpedal - Treadmill/turf (bands),Strength,,Quad & Knee,,,Strengthening - Quad & Knee
Standing knee extension R-band,Strength,,Quad & Knee,,,Strengthening - Quad & Knee
Classic Wall Calf Stretch (Knee Bends),Mobility,,Calf & Ankle,,,Static stretch - Calf & Ankle mobility
Toe Elevated Calf Stretch,Mobility,,Calf & Ankle,,,Static stretch - Calf & Ankle mobility
Ankle circles/ABC's,Mobility,,Calf & Ankle,,,Static stretch - Calf & Ankle mobility
Toe Plantarflexion & Dorsiflexion,Mobility,,Calf & Ankle,,,Static stretch - Calf & Ankle mobility
Banded Heel Cord,Mobility,,Calf & Ankle,,,Static stretch - Calf & Ankle mobility
Bench Calf Stretch,Mobility,,Calf & Ankle,,,Static stretch - Calf & Ankle mobility
Lacrosse Ball Massage - Ankle + Foot,Mobility,,Calf & Ankle,,,Self-myofascial release - Calf & Ankle mobility
Ankle VooDoo Floss,Mobility,,Calf & Ankle,,,Self-myofascial release - Calf & Ankle mobility
Toe Squats,Strength,,Calf & Ankle,Calves/Ankles,,Strengthening - Calf & Ankle
Tibialis Anterior Raises,Strength,,Calf & Ankle,,,Strengthening - Calf & Ankle
Multi-directional band flexion,Strength,,Calf & Ankle,,,Strengthening - Calf & Ankle
Heel Elevated Marches (Weighted),Strength,,Calf & Ankle,,,Strengthening - Calf & Ankle
SL Standing Calf Extensions,Strength,,Calf & Ankle,,,Strengthening - Calf & Ankle
Low Level Hops,Strength,,Calf & Ankle,Calves/Ankles,,"Strengthening - Calf & Ankle | Variations: Single leg, multi-directional, plate jumps, etc."
Pogos,Strength,,Calf & Ankle,,,Strengthening - Calf & Ankle
Marching bridge,Core,,Core,,,Core progression: Stability
YB Bridge,Core,,Core,,,Core progression: Stability
Floor Cobras,Core,,Core,,,Core progression: Stability
YB Cobra,Core,,Core,,,Core progression: Stability
Supermans,Core,,Core,,,Core progression: Stability
Planks,Core,,Core,,,Core progression: Stability
Side plank,Core,,Core,,,Core progression: Stability | Core progression: Strength - Level 2
Side plank w/abduction,Core,,Core,,,Core progression: Stability
Hollow hold,Core,,Core,,,Core progression: Stability
90/90 crunch,Core,,Core,,,Core progression: Stability
Butterfly crunch,Core,,Core,,,Core progression: Stability
Ab circles,Core,,Core,,,Core progression: Stability | Core progression: Strength - Level 1
Dead bugs,Core,,Core,,,Core progression: Stability
Penguin heel taps,Core,,Core,,,Core progression: Stability
High boat hold,Core,,Core,,,Core progression: Stability
Twisting Crunch,Core,,Core,,,Core progression: Strength - Level 1
Side Crunch,Core,,Core,,,Core progression: Strength - Level 1
Accordion Crunch,Core,,Core,,,Core progression: Strength - Level 1 | Core progression: Strength - Level 2
Toe Touches,Core,,Core,,,Core progression: Strength - Level 1 | Core progression: Strength - Level 2
Zombie Crunch,Core,,Core,,,Core progression: Strength - Level 1
Overhead crunch,Core,,Core,,,Core progression: Strength - Level 1
Woodchops,Core,,Core,,,Core progression: Strength - Level 1
Cable rotations,Core,,Core,,,Core progression: Strength - Level 1
Back extensions,Core,,Core,Back,,"Core progression: Strength - Level 1 | Variations: Twisting, Weighted, Assisted"
Shoulder tap plank,Core,,Core,,,Core progression: Strength - Level 1
Single leg plank,Core,,Core,,,Core progression: Strength - Level 1
Sprinter tuck plank,Core,,Core,,,Core progression: Strength - Level 1
Knee bent wipers,Core,,Core,,,Core progression: Strength - Level 1
SL bridge,Core,,Core,,,Core progression: Strength - Level 1
Superman pulses,Core,,Core,,,Core progression: Strength - Level 1
Flutter kicks,Core,,Core,,,Core progression: Strength - Level 1
Scissor kicks,Core,,Core,,,Core progression: Strength - Level 1
Ab wheel,Core,,Core,,,Core progression: Strength - Level 1
Wood chops (kneeling),Core,,Core,,,Core progression: Strength - Level 1
Marching planks,Core,,Core,,,Core progression: Strength - Level 2
Mountain climbers,Core,,Core,,,Core progression: Strength - Level 2
21 crunch,Core,,Core,,,Core progression: Strength - Level 2
Bicycle crunch,Core,,Core,,,Core progression: Strength - Level 2
Russian twists,Core,,Core,,,Core progression: Strength - Level 2
V ups,Core,,Core,,,Core progression: Strength - Level 2
Seated ab circles,Core,,Core,,,Core progression: Strength - Level 2
Prayer crunch,Core,,Core,,,Core progression: Strength - Level 2
Frog crunch,Core,,Core,,,Core progression: Strength - Level 2
Hands back tucks,Core,,Core,,,Core progression: Strength - Level 2
Superman hold,Core,,Core,,,Core progression: Strength - Level 2
Low to high boat,Core,,Core,,,Core progression: Strength - Level 2
Farmer walks,Core,,Core,,,Core progression: Strength - Level 2
In n out plank jacks,Core,,Core,,,Core progression: Strength - Level 2
Drunken climbers,Core,,Core,,,Core progression: Strength - Level 2
Awkward plank,Core,,Core,,,Core progression: Strength - Level 2
Single arm plank,Core,,Core,,,Core progression: Strength - Level 2
Side plank lifts,Core,,Core,,,Core progression: Strength - Level 2
Low to high plank,Core,,Core,,,Core progression: Strength - Level 2
Jack knives,Core,,Core,,,Core progression: Strength - Level 2
Hanging leg raise,Core,,Core,,,Core progression: Strength - Level 2
Hanging rainbows,Core,,Core,,,Core progression: Strength - Level 2
Starfish crunch,Core,,Core,,,Core progression: Strength - Level 2
Weighted crunch,Core,,Core,,,Core progression: Strength - Level 2
Flutter kick crunch,Core,,Core,,,Core progression: Strength - Level 2
Scissor kick crunch,Core,,Core,,,Core progression: Strength - Level 2
Weighted twists,Core,,Core,,,Core progression: Strength - Level 2
X man crunch,Core,,Core,,,Core progression: Strength - Level 2
Canoe crunch,Core,,Core,,,Core progression: Strength - Level 2
Pikes,Core,,Core,,,Core progression: Strength - Level 2
Renegade row,Core,,Core,,,Core progression: Strength - Level 2
Single arm overhead KB walk,Core,,Core,,,Core progression: Strength - Level 2
Overhead Medball march,Core,,Core,,,Core progression: Strength - Level 2
MB Pullover throw,Core,,Core,,,Core progression: Power
Soccer Throw (Kneeling),Core,,Core,,,Core progression: Power
Oblique Throw (Kneeling),Core,,Core,,,Core progression: Power
Overhead MB Throw,Core,,Core,,,Core progression: Power
MB Side Toss,Core,,Core,,,Core progression: Power
Prone Leg Lifts,Core,,Low Back,Glutes,,Spinal Stability
Half Prone Cobra (Y),Core,,Back,Glutes,,Spinal Stability
Full Prone Cobra (Y),Core,,Back,Glutes,,Spinal Stability
Full Prone Cobra (A),Core,,Back,Glutes,,Spinal Stability
Banded Supermans,Core,,Back,"Shoulders, Glutes",,Spinal & Shoulder Stability
Superman Flutter Kick,Core,,Back,Glutes,,Spinal & Shoulder Stability
Cross Body Superman,Core,,Back,Glutes,,Spinal & Shoulder Stability
Prone Arm Circles,Core,,Back,"Shoulders, Glutes",,Spinal & Shoulder Stability
Push up,Strength,,Chest,"Shoulders, Triceps",,Calisthenics
Close Grip Push Up,Strength,,Chest,"Shoulders, Triceps",,Calisthenics
Wide Grip Push Up,Strength,,Chest,"Shoulders, Triceps",,Calisthenics
Diamond Push Up,Strength,,Chest,"Shoulders, Triceps",,Calisthenics
Plyo Push Up,Strength,,Chest,"Shoulders, Triceps",,Calisthenics
Clap Push Up,Strength,,Chest,"Shoulders, Triceps",,Calisthenics
Spiderman Push Up,Strength,,Chest,"Shoulders, Triceps",,Calisthenics
Decline Push Up,Strength,,Chest,"Shoulders, Triceps",,Calisthenics
Shoulder Push Up,Strength,,Chest,"Shoulders, Triceps",,Calisthenics
Scapular Push Ups,Strength,,Chest,"Shoulders, Triceps",,Calisthenics
Up/Down Dog Push Ups,Strength,,Chest,"Shoulders, Triceps",,Calisthenics
Weighted Push Up,Strength,,Chest,"Shoulders, Triceps",,Calisthenics
Kneeling Push Up,Strength,,Chest,"Shoulders, Triceps",,Calisthenics
BB Bench Press,Strength,,Chest,"Shoulders, Triceps",,Barbell Compound
BB Incline Bench Press,Strength,,Chest,"Shoulders, Triceps",,Barbell Compound
DB Bench Press,Strength,,Chest,"Shoulders, Triceps",,Dumbbell Compound
DB Incline Bench Press,Strength,,Chest,"Shoulders, Triceps",,Dumbbell Compound
DB Shoulder Press (Seated),Strength,,Shoulders,Triceps,,Dumbbell Compound
DB Shoulder Press (Standing),Strength,,Shoulders,Triceps,,Dumbbell Compound
BB Shoulder Press (Seated),Strength,,Shoulders,Triceps,,Barbell Compound
BB Shoulder Press (Standing),Strength,,Shoulders,Triceps,,Barbell Compound
Arnold Press (Seated),Strength,,Shoulders,Triceps,,Dumbbell Compound
Arnold Press (Standing),Strength,,Shoulders,Triceps,,Dumbbell Compound
DB Curl to Press,Strength,,Shoulders,"Triceps, Biceps",,Dumbbell Compound
Barbell Bent Over Row,Strength,,Back,Biceps,,Barbell Compound
Dumbbell Bent Over Row,Strength,,Back,Biceps,,Dumbbell Compound
Barbell Power Pull,Strength,,Traps,Shoulders,,Barbell Compound
Upright Row,Strength,,Traps,Shoulders,,Barbell Compound
Pull Ups,Strength,,Lats,Biceps,,Calisthenics
"A's, Y's, T's",Strength,,Mid-Back,,,Isolation
Chest Supported Row,Strength,,Lats,"Mid-Back, Biceps, Back",,"Dumbbell Compound | Variations: Dumbbell, Kettlebell, Cables, Machine"
Dumbbell Pullover,Strength,,Lats,Chest,,Dumbbell Isolation
Dumbbell Row,Strength,,Lats,Biceps,,Dumbbell Compound
Dumbbell Reverse Fly,Strength,,Mid-Back,,,Dumbbell Isolation
Dumbbell Incline Curl,Strength,,Biceps,,,Dumbbell Isolation
Spider Curl,Strength,,Biceps,,,Dumbbell Isolation
Hammer Curl,Strength,,Biceps,,,Dumbbell Isolation
Single Arm Preacher Curl,Strength,,Biceps,,,Dumbbell Isolation
Standing Dumbbell Curl,Strength,,Biceps,,,Dumbbell Isolation
Standing Barbell Curl,Strength,,Biceps,,,Barbell Isolation
Chest Press,Strength,,Chest,,,"Variations: Dumbbell, Barbell, Machine"
Incline Press,Strength,,Chest,,,"Variations: Dumbbell, Barbell, Machine"
Decline Press,Strength,,Chest,,,"Variations: Dumbbell, Barbell"
Push ups,Strength,,Chest,,,"Variations: Assisted, Decline, Single leg, Spiderman"
Dips,Strength,,Chest,,,Variations: Assisted
Flies (3 Angles),Strength,,Chest,,,"Variations: Dumbbell, Cables, Machine"
Cross Body Press,Strength,,Chest,,,"Variations: Cables, Bands"
Overhead Pullovers,Strength,,Chest,,,"Variations: Dumbbell, Cables, Bands"
Landmine Press,Strength,,Chest,,,Variations: Barbell
Floor Press,Strength,,Chest,,,"Variations: Dumbbell, Barbell"
Pull up/Chin up,Strength,,Back,,,"Variations: Band/Machine assisted, Wide grip"
Lat pull down,Strength,,Back,,,"Variations: V bar, Connected bar, Single arm"
Bent over row,Strength,,Back,,,"Variations: Barbell, Dumbbell, Kettlebell, Cables"
T-Bar row,Strength,,Back,,,Variations: Barbell
Seated cable row,Strength,,Back,,,"Variations: Single arm, Rotating"
Machine row,Strength,,Back,,,Variations: Single Arm
Single arm row (3 Angles),Strength,,Back,,,"Variations: Dumbbell, Kettlebell, Cables"
TRX Row,Strength,,Back,,,Variations: Row-to-Curl
Gorilla Row,Strength,,Back,,,Variations: Kettlebells
Pendlay Row,Strength,,Back,,,"Variations: Barbell, Smith Machine"
Shrug,Strength,,Back,,,"Variations: Barbell, Dumbbell"
Mid back shrug,Strength,,Back,,,"Variations: Barbell, Dumbbell"
Rackpulls,Strength,,Back,,,Variations: Barbell
Lat Push Down,Strength,,Back,,,"Variations: Cables, Bands, TRX"
Pull over,Strength,,Back,,,"Variations: Dumbbell, Cables, Bands"
Conventional Deadlift,Strength,,Back,,,"Variations: Barbell, Trapbar, Partial"
Shoulder Blade Retractions,Strength,,Shoulders,,,"Variations: Bands, Cables, Bodyweight, Plank"
Banded Walkouts,Strength,,Shoulders,,,"Variations: Internal Rotation, External rotation"
External/Internal Rotations,Strength,,Shoulders,,,"Variations: Cables, Bands"
Shoulder press,Strength,,Shoulders,,,"Variations: Dumbbell, Kettlebell, Barbell, Cables"
Arnold press,Strength,,Shoulders,,,"Variations: Dumbbell, Kettlebell"
Kneeling Press,Strength,,Shoulders,,,"Variations: Kettlebell, Dumbbell, Cables"
Front raise,Strength,,Shoulders,,,"Variations: Plate, Dumbbell, Barbell"
Lateral raise,Strength,,Shoulders,,,"Variations: Dumbbell, Cables, Bands"
Facepulls,Strength,,Shoulders,,,"Variations: Cables, Bands"
Reverse flies,Strength,,Shoulders,,,"Variations: Cables, Machine, Dumbbell"
Shoulder Circles,Strength,,Shoulders,,,"Variations: Cables, Bands, Dumbbell"
Inchworms,Strength,,Shoulders,,,Variations: Bodyweight
"I's, Y's, T's",Strength,,Shoulders,,,"Variations: Cables, Dumbbell, Bands"
Curl to Press,Strength,,Shoulders,,,"Variations: Dumbbell, Kettlebell"
Iron crosses,Strength,,Shoulders,,,Variations: Dumbbell
Overhead Walk,Strength,,Shoulders,,,"Variations: Kettlebell, Dumbbell"
Close grip bench press,Strength,,Triceps,,,
Bench dip,Strength,,Triceps,,,
Tricep push down,Strength,,Triceps,,,
Kickbacks,Strength,,Triceps,,,
Scorpion push up,Strength,,Triceps,,,
Overhead extensions,Strength,,Triceps,,,
Skullcrushers,Strength,,Triceps,,,
DB Curl,Strength,,Biceps,,,
BB Curl,Strength,,Biceps,,,
Cable curl,Strength,,Biceps,,,
Cross body curl,Strength,,Biceps,,,
Preacher curl,Strength,,Biceps,,,
Concentration curl,Strength,,Biceps,,,
Eccentric curl,Strength,,Biceps,,,
Strict curl,Strength,,Biceps,,,
Chin up hold,Strength,,Biceps,,,
KB Curl,Strength,,Biceps,,,
Incline Curl,Strength,,Biceps,,,
Zimmerman curl,Strength,,Biceps,,,
Sliced rep curl,Strength,,Biceps,,,
Walking ISO Curl,Strength,,Biceps,,,
Squat to Press,Strength,,Total Body,,,
Tube Walks,Strength,,Hips,,,"Variations: Heel Elevated, Squats"
Banded Abductions,Strength,,Hips,,,"Variations: Single leg, Lying Down"
Banded Pedals,Strength,,Hips,,,"Variations: Slow, Fast"
Banded Hip Circle,Strength,,Hips,,,Variations: Single leg
L Sits,Strength,,Hips,,,Variations: Bodyweight (assist)
Banded Clamshell,Strength,,Hips,,,"Variations: Lying down, Standing"
MB bridge,Strength,,Hips,,,"Variations: Isometric, Reps"
Reverse squats,Strength,,Hips,,,"Variations: Banded, Cables"
Bodyweight Squat,Strength,,Quads,,,"Variations: Single Leg (Box), Pistol (TRX), ISO"
Barbell Squats,Strength,,Quads,,,"Variations: Heel elevated, Pause, TUT, Box"
Front Squats,Strength,,Quads,,,"Variations: Heel elevated, Pause, TUT"
Goblet Squats,Strength,,Quads,Legs,,"Variations: Heel elevated, Pause, TUT | Vertical jump progression: Build the base"
Hack Squat,Strength,,Quads,,,"Variations: Pause, TUT"
Leg Press,Strength,,Quads,Glutes,,"Variations: Single Leg, TUT, High rep | Variations: Single leg, Pause, TUT"
Lunge (3 angles),Strength,,Quads,,,"Variations: Heel elevated, Walking, ISO"
Split squat,Strength,,Quads,,,"Variations: Rear foot elevated, Heel elevated"
Step ups (3 angles),Strength,,Quads,,,"Variations: Slow, Weighted, Explosive"
Sled,Strength,,Quads,,,"Variations: Push, Pull, Row"
Leg Extensions,Strength,,Quads,,,Variations: Single leg
Romanian Deadlift,Strength,,Hamstrings,,,"Variations: Single leg, landmine, cables"
Deadlifts,Strength,,Hamstrings,,,"Variations: Trap-bar, paused reps, partials"
GHD,Strength,,Hamstrings,,,Variations: Assisted
Nordic Curl,Strength,,Hamstrings,,,"Variations: Assisted, eccentric only"
Leg Curl Machine,Strength,,Hamstrings,,,"Variations: Single leg, TUT, ISO"
Sliding Leg Curl,Strength,,Hamstrings,,,"Variations: Single leg, TRX"
Straight leg bridge,Strength,,Hamstrings,,,"Variations: Marching, single leg"
Kettle bell swings,Strength,,Hamstrings,Glutes,,Variations: Single arm
Bridges,Strength,,Glutes,,,"Variations: Single leg, MB, Bands, Marching"
Hip Thrusts,Strength,,Glutes,,,Variations: Single leg
Squats,Strength,,Glutes,,,"Variations: Banded, Pause, TUT, Box"
Standing Calf Raise,Strength,,Calves/Ankles,,,"Variations: Single leg, elevated, slant board"
Seated Calf Raise,Strength,,Calves/Ankles,,,"Variations: Single leg, pyramids"
Pogo jumps,Strength,,Calves/Ankles,,,"Variations: Band assisted, weighted"
Single Leg Balance (Assisted),Balance,Chair/Pole,Legs,Calf & Ankle,,Balance progression level 0 | Ankle stability level 0 | Ankle stability level 1
Single Leg Balance (Unassisted),Balance,,Legs,,,Balance progression level 0
Single Leg ISO Hinge (Assisted),Balance,Chair/Squat Rack/Wall,Legs,,,Balance progression level 0
Single Leg Hinge w/Rotation (Assisted),Balance,Chair/Squat Rack/Wall,Legs,,,Balance progression level 0
Single Leg RDL (Assisted),Balance,Chair/Squat Rack/Wall,Legs,,,Balance progression level 0
Standing Marches (Assisted),Balance,Chair/Squat Rack/Wall,Legs,,,Balance progression level 0
Cross Body Reach (Hinge) (Split Stance),Balance,,Legs,,,Balance progression level 0
Single Leg Hip Abductions (Banded),Balance,Hip (Loop) Bands,Legs,,,Balance progression level 1A
Single Leg Knee Drive (Banded),Balance,Hip (Loop) Bands,Legs,,,Balance progression level 1A
Single Leg ISO Hinge (Unassisted),Balance,,Legs,,,Balance progression level 1A
Single Leg Pallof Press (Resisted),Balance,Cables/Bands,Legs,,,Balance progression level 1A
Standing Marches (Weighted),Balance,Kettlebell/Dumbbell,Legs,,,Balance progression level 1B
Cross Body Reach (Hinge) (Single Leg),Balance,,Legs,,,Balance progression level 1B
Single Leg Chops (Weighted),Balance,Med Ball/Cables/Bands,Legs,,,Balance progression level 1B
Single Leg Rainbows (Weighted),Balance,Med Ball/Plate/Kettlebell,Legs,,,Balance progression level 1B
Single Leg Balance w/catch (Dynamic Stabilization),Balance,Tennis Ball/Med Ball,Legs,,,Balance progression level 1B
Single Leg Hinge w/Rotation (Unassisted),Balance,,Legs,,,Balance progression level 1B
Single Leg Balance (Perturbation),Balance,Balance Disc/Bosu Ball,Legs,,,Balance progression level 2
Single Leg Balance (Partner Perturbation),Balance,,Legs,,,Balance progression level 2
Single Leg Hip Abductions (Perturbation),Balance,Balance Disc/Bosu Ball,Legs,,,Balance progression level 2
Single Leg ISO Hinge (Perturbation),Balance,Balance Disc/Bosu Ball,Legs,,,Balance progression level 2
ISO Squats (Perturbation),Balance,Bosu Ball,Legs,,,Balance progression level 2
Squats (Perturbation),Balance,Bosu Ball,Legs,,,Balance progression level 2
Single Leg ISO Lunge (Perturbation),Balance,Balance Disc/Bosu Ball,Legs,,,Balance progression level 2
Single Leg RDL (Perturbation),Balance,Balance Disc/Bosu Ball,Legs,,,Balance progression level 2
Single Leg Chops (Perturbation),Balance,Balance Disc/Bosu Ball,Legs,,,Balance progression level 2
Single Leg Rainbows (Perturbation),Balance,Balance Disc/Bosu Ball,Legs,,,Balance progression level 2
Single Leg Balance w/catch (Perturbation),Balance,Balance Disc/Bosu Ball,Legs,,,Balance progression level 2
Standing Marches (Perturbation),Balance,KB w/Band,Legs,,,Balance progression level 2
Lunges (Isometric),Balance,"DB,KB,BB",Legs,,,Balance progression level 3
Lunges (Stationary (Pulses)),Balance,"DB,KB,BB",Legs,,,Balance progression level 3
Lunges (Forward),Balance,"DB,KB,BB",Legs,,,Balance progression level 3
Lunges (Reverse),Balance,"DB,KB,BB",Legs,,,Balance progression level 3
Lunges (Walking),Balance,"DB,KB,BB",Legs,,,Balance progression level 3
Lunges (Pendulum),Balance,"DB,KB,BB",Legs,,,Balance progression level 3
Lunges (Lateral),Balance,"DB,KB,BB",Legs,,,Balance progression level 3
Lunges (Multidirectional),Balance,"DB,KB,BB",Legs,,,Balance progression level 3
Lunges (Perturbation),Balance,Bosu Ball,Legs,,,Balance progression level 3
Lunges (Banded-Perturbation),Balance,KB w/band,Legs,,,Balance progression level 3
Step up (Assisted),Balance,TRX/Pole/Squat Rack,Legs,,,Balance progression level 3
Step up (Forward),Balance,Box/Step + KB/DB/BB,Legs,,,Balance progression level 3
Step up (Lateral),Balance,Box/Step + KB/DB/BB,Legs,,,Balance progression level 3
Step up (Multidirectional),Balance,Box/Step + KB/DB/BB,Legs,,,Balance progression level 3
Step up (End Range),Balance,Box/Step + KB/DB/Bands,Legs,,,Balance progression level 3
Step up (End Range w/elevation),Balance,Box/Step + KB/DB/Bands,Legs,,,Balance progression level 3
Single Leg Calf Raise (Assisted),Balance,Wall/Chair,Legs,,,Balance progression level 3
Single Leg Calf Raise (Unassisted),Balance,,Legs,,,Balance progression level 3
Single Leg Calf Raise (Weighted),Balance,"DB,KB,BB",Legs,,,Balance progression level 3
Single Leg RDL (Weighted),Balance,"DB,KB,BB",Legs,,,Balance progression level 3
Single Leg Box Squat (Assisted),Balance,TRX/Pole/Squat Rack,Legs,,,Balance progression level 3
Single Leg Box Squat (Eccentric Only),Balance,,Legs,,,Balance progression level 3
Single Leg Box Squat (Unassisted),Balance,,Legs,,,Balance progression level 3
Single Leg Box Squat (Weighted),Balance,"DB,KB,BB",Legs,,,Balance progression level 3
Single Leg Squat (Assisted),Balance,TRX/Pole/Squat Rack,Legs,,,Balance progression level 3
Single Leg (Pistol) Squat (Unassisted),Balance,,Legs,,,Balance progression level 3
Single Leg Squat (Weighted),Balance,"DB,KB,BB",Legs,,,Balance progression level 3
SL Hop Down (All planes),Balance,,Legs,,,Balance progression level 4
SL box jump (All planes),Balance,,Legs,,,Balance progression level 4
SL Hops (All planes),Balance,,Legs,,,Balance progression level 4
Ice Skaters,Balance,,Legs,,,Balance progression level 4
Power Lateral Lunge w/Stable,Balance,,Legs,,,Balance progression level 4
Power lunge w/stabilization,Balance,,Legs,,,Balance progression level 4
SL Pogos,Balance,,Legs,,,Balance progression level 4
Cone Jumps,Balance,,Legs,,,Balance progression level 4
Ankle circles (Seated),Mobility,,Calf & Ankle,,,Ankle mobility level 0
Ankle circles (Pool),Mobility,Pool,Calf & Ankle,,,Ankle mobility level 0
Ankle alphabet (Seated),Mobility,,Calf & Ankle,,,Ankle mobility level 0
Ankle alphabet (Pool),Mobility,Pool,Calf & Ankle,,,Ankle mobility level 0
Ankle plantarflexion/dorsiflexion (Seated),Mobility,,Calf & Ankle,,,Ankle mobility level 0
Ankle inversion/eversion (Seated),Mobility,,Calf & Ankle,,,Ankle mobility level 0
Ankle pronation/supination (Seated),Mobility,,Calf & Ankle,,,Ankle mobility level 0
Heel Marches (Assisted),Mobility,,Calf & Ankle,,,Ankle mobility level 0 | Ankle stability level 0
Kneeling Knee to Wall (Assisted),Mobility,,Calf & Ankle,,,Ankle mobility level 1
Toe Sit (Seated),Mobility,,Calf & Ankle,,,Ankle mobility level 1
Heel Sit (Seated),Mobility,,Calf & Ankle,,,Ankle mobility level 1
Towel/Band Stretch (Seated/Band),Mobility,Towel/R- Band,Calf & Ankle,,,Ankle mobility level 1
Ankle circles (Banded),Mobility,R - band/R - band (hoop),Calf & Ankle,,,Ankle mobility level 1
Ankle alphabet (Banded),Mobility,R - band/R - band (hoop),Calf & Ankle,,,Ankle mobility level 1 | Ankle stability level 1
Soleus/Gatrocnemius massage (Myofacial release),Mobility,Foam Roller/Lacrosse Ball,Calf & Ankle,,,Ankle mobility level 1
Peroneus massage (Myofacial release),Mobility,Foam Roller/Lacrosse Ball,Calf & Ankle,,,Ankle mobility level 1
Tibialis Anterior/posterior massage (Myofacial release),Mobility,Foam Roller/Lacrosse Ball,Calf & Ankle,,,Ankle mobility level 1
Plantar Fascia massage (Myofacial release),Mobility,Lacrosse ball,Calf & Ankle,,,Ankle mobility level 1
Heel Walks (Backwards),Mobility,,Calf & Ankle,,,Ankle mobility level 2
Slant board dorsiflexion stretch (Assisted),Mobility,,Calf & Ankle,,,Ankle mobility level 2
Kneeling knee to wall (Weighted),Mobility,,Calf & Ankle,,,Ankle mobility level 2
Big toe stretch (Assisted),Mobility,,Calf & Ankle,,,Ankle mobility level 2
Supinated Walk (Unassisted),Mobility,,Calf & Ankle,,,Ankle mobility level 3
Pronated Walk (Unassisted),Mobility,,Calf & Ankle,,,Ankle mobility level 3
Calf Raise ISO Hold (Seated),Stability,,Calf & Ankle,,,Ankle stability level 0
Calf Raise ISO Hold (Standing),Stability,,Calf & Ankle,,,Ankle stability level 0 | Ankle stability level 1
Toe Marches (Assisted),Stability,,Calf & Ankle,,,Ankle stability level 0
Foot Pronation/Supination (Seated),Stability,,Calf & Ankle,,,Ankle stability level 0
Calf Raise ISO Hold (Assisted),Stability,,Calf & Ankle,,,Ankle stability level 0
Seated Foam Roller Inv./Eversion,Stability,Foam Roller,Calf & Ankle,,,Ankle stability level 1
Calf Raise (Standing),Stability,,Calf & Ankle,,,Ankle stability level 1
Tibialis Raise (Assisted),Stability,,Calf & Ankle,,,Ankle stability level 1
Angled Calf Raise (Assisted),Stability,,Calf & Ankle,,,Ankle stability level 1
Angled Calf Raise ISO Hold (Assisted),Stability,,Calf & Ankle,,,Ankle stability level 1
All 4's Toe walk (Floor),Stability,,Calf & Ankle,,,Ankle stability level 1
"Toe walk (Backwards, weighted)",Stability,KB,Calf & Ankle,,,Ankle stability level 2
Heel Walks (Weighted),Stability,KB,Calf & Ankle,,,Ankle stability level 2
"S.L. Balance head turns L/R, up/down",Stability,,Calf & Ankle,,,Ankle stability level 2
S.L. calf raise,Stability,"KB, BB, machine",Calf & Ankle,,,Ankle stability level 2
Dyna Disc calf raise,Stability,Dyna Disc,Calf & Ankle,,,Ankle stability level 2
Foot inversion/eversion (Banded),Stability,"R - band, R - band (hoop)",Calf & Ankle,,,Ankle stability level 2
Overcoming iso calf raise (Assisted),Stability,"Rack/wall, BB",Calf & Ankle,,,Ankle stability level 2
S.L hops,Stability,,Calf & Ankle,,,Ankle stability level 3
S.L. Balance eyes closed,Stability,,Calf & Ankle,,,Ankle stability level 3
Agility Ladder,Stability,Agility ladder,Calf & Ankle,,,Ankle stability level 3
S.L. Balance airex pad,Stability,Airex pad,Calf & Ankle,,,Ankle stability level 3
S.L. Balance Bosu Ball,Stability,Bosu ball,Calf & Ankle,,,Ankle stability level 3
Lateral hops,Stability,hurdle,Calf & Ankle,,,Ankle stability level 3
S.L. Lateral hops,Stability,,Calf & Ankle,,,Ankle stability level 3
Squat jump w/stability (All planes),Plyometrics,,Legs,,,Vertical jump progression: Stability
Box jump-up w/stability (All planes),Plyometrics,,Legs,,,Vertical jump progression: Stability
Box jump-down w/stability (All planes),Plyometrics,,Legs,,,Vertical jump progression: Stability
Low Level Jumps,Plyometrics,,Legs,,,Vertical jump progression: Stability
Squat Jumps,Plyometrics,,Legs,,,Vertical jump progression: Strength
Box Jump,Plyometrics,,Legs,,,Vertical jump progression: Strength
Lunge jump,Plyometrics,,Legs,,,Vertical jump progression: Strength
Power step-ups,Plyometrics,,Legs,,,Vertical jump progression: Strength
Butt Kicks,Plyometrics,,Legs,,,Vertical jump progression: Strength
Low level proprioceptive jumps,Plyometrics,,Legs,,,Vertical jump progression: Power
Depth Jump,Plyometrics,,Legs,,,Vertical jump progression: Power
Broad Jumps,Plyometrics,,Legs,,,Vertical jump progression: Power
Reactive jumps,Plyometrics,,Legs,,,Vertical jump progression: Power
Squat jump w/stability,Plyometrics,,Legs,,,Vertical jump progression: Build the base
Box Jump w/stability,Plyometrics,,Legs,,,Vertical jump progression: Build the base
Assisted Pogo Jumps,Plyometrics,,Legs,,,Vertical jump progression: Build the base
Low level plate hops (bi/unilateral),Plyometrics,,Legs,,,Vertical jump progression: Build the base
Low level lunge hops,Plyometrics,,Legs,,,Vertical jump progression: Build the base
Banded + heel elevated tube walk,Plyometrics,,Legs,,,Vertical jump progression: Build the base
Banded Knee Drive,Plyometrics,,Legs,,,Vertical jump progression: Build the base
Step ups w/knee drive,Plyometrics,,Legs,,,Vertical jump progression: Build the base
Pendulum Lunges,Plyometrics,,Legs,,,Vertical jump progression: Build the base
Walking lunges,Plyometrics,,Legs,,,Vertical jump progression: Build the base
Splits squats,Plyometrics,,Legs,,,Vertical jump progression: Build the base
Single leg RDL (w/Row),Plyometrics,,Legs,,,Vertical jump progression: Build the base
Bridges (Weighted/Marching/SL),Plyometrics,,Legs,,,Vertical jump progression: Build the base
Single leg calf extensions (end range),Plyometrics,,Legs,,,Vertical jump progression: Build the base
Tibialis Anterior Raises (Toe Raises),Plyometrics,,Legs,,,Vertical jump progression: Build the base
Sled Push/Pull,Plyometrics,,Legs,,,Vertical jump progression: Build the base
Box jump-down w/stability (bi/unilateral),Plyometrics,,Legs,,,Vertical jump progression: Force absorption
Lateral box jump-down w/stability (bi/unilateral),Plyometrics,,Legs,,,Vertical jump progression: Force absorption
Banded horizontal decelerations,Plyometrics,,Legs,,,Vertical jump progression: Force absorption
Falling lunges w/stick,Plyometrics,,Legs,,,Vertical jump progression: Force absorption
Eccentric barbell squat,Plyometrics,,Legs,,,Vertical jump progression: Force absorption
SL eccentric box squat,Plyometrics,,Legs,,,Vertical jump progression: Force absorption
SL pistol box squat,Plyometrics,,Legs,,,Vertical jump progression: Force absorption
SL spring Load,Plyometrics,,Legs,,,Vertical jump progression: Force absorption
Split squat w/isometric hold,Plyometrics,,Legs,,,Vertical jump progression: Force absorption
ISO Lunge w/calf raise,Plyometrics,,Legs,,,Vertical jump progression: Force absorption
S.L. eccentric leg press,Plyometrics,,Legs,,,Vertical jump progression: Force absorption
Assisted KB hip swings,Plyometrics,,Legs,,,Vertical jump progression: Force absorption
Vertimax heel drop,Plyometrics,,Legs,,,Vertical jump progression: Force absorption
1/3/5 drills,SAQ,,,,,Speed drill
Frankensteins,SAQ,,,,,Speed drill
A Skips,SAQ,,,,,Speed drill
B skips,SAQ,,,,,Speed drill
Skips (Height & distance),SAQ,,,,,Speed drill
Quick Feet Chops,SAQ,,,,,Speed drill
Knee drive with resistance,SAQ,,,,,Speed drill
Lean into sprint,SAQ,,,,,Speed drill
10-10-10 yard build ups,SAQ,,,,,Speed drill
Resisted/Assisted Sprints,SAQ,,,,,Speed drill
Lateral 1/3/5 drill,SAQ,,,,,Agility drill
Box side steps,SAQ,,,,,Agility drill
Lateral A-skips,SAQ,,,,,Agility drill
Side shuffle,SAQ,,,,,Agility drill
Sprint to backpedal,SAQ,,,,,Agility drill
Box Drill (Cones),SAQ,,,,,Agility drill
Reactive box drill (cones),SAQ,,,,,Agility drill
T Drill (Cones),SAQ,,,,,Agility drill
Speed ladder drills,SAQ,,,,,Agility drill
Reactive ball drills,SAQ,,,,,Quickness drill
Mirroring drills,SAQ,,,,,Quickness drill
Light drills,SAQ,,,,,Quickness drill
Walking/Hiking,Cardio,,,,,Mode of cardio
Running,Cardio,,,,,Mode of cardio
Biking/Cycling,Cardio,,,,,Mode of cardio
Elliptical,Cardio,,,,,Mode of cardio
Stair Climber,Cardio,,,,,Mode of cardio
Rower,Cardio,,,,,Mode of cardio
Swimming,Cardio,,,,,Mode of cardio
Jump Rope,Cardio,,,,,Mode of cardio
Dancing,Cardio,,,,,Mode of cardio
Basketball,Cardio,,,,,Mode of cardio
Tennis,Cardio,,,,,Mode of cardio
HIIT,Cardio,,,,,Mode of cardio
